GEOID20,count
551332015052028,5
551332015052002,5
551332015052018,5
551332015052031,5
551332015052025,5
551332015052021,5
551332015052010,5
551332015052030,5
551332015052032,5
551332015052022,5
551332015052011,5
551332015052000,5
551332015052004,5
551332015052009,5
551332015052008,5
551332015052033,5
551332015052016,5
551332015052015,5
551332015052035,5
551332015052005,5
551332015052023,5
551332015052026,5
551332015052001,5
551332015052013,5
551332015062011,10
551332015052020,5
551332015052024,5
551332015052006,5
551332015052012,5
551332015052027,5
551332015052007,5
551332015052034,5
551332015052019,5
551332015052017,5
551332015052014,5
551332015052003,5
551332015052036,5
551332015052029,5
551332015061011,5
551332015061008,5
551332015061003,5
551332015061010,5
551332015061005,5
551332015061007,5
551332015063004,5
551332015061016,5
551332015061013,5
551332015061015,5
551332015061014,5
551332015061009,5
551332015061004,5
551332015063001,5
551332015063014,5
551332015061017,5
551332015061006,5
551332015063005,5
551332014041026,5
551332014041017,5
551332014041024,5
551332014041005,5
551332014041013,5
551332014041019,5
551332014041010,5
551332014041007,5
551332014041011,5
551332014041025,5
551332014041012,5
551332014041021,5
551332014041023,5
551332014041009,5
551332014041018,5
551332014041004,5
551332014041000,5
551332014041014,5
551332014041016,5
551332014041015,5
551332014041022,5
551332014041001,5
551332014041008,5
551332014041002,5
551332014041006,5
551332014041003,5
551332014041020,5
551332015071006,5
551332015071007,5
551332015071001,5
551332015082011,5
551332015071004,5
551332015071000,5
551332015082009,5
551332015071002,5
551332015082012,5
551332015071003,5
551332015071008,5
551332015071005,5
551332014024011,5
551332014024000,5
551332014023000,5
551332014024007,5
551332014024010,5
551332014024001,5
551332014024003,5
551332014024006,5
551332014024002,5
551332014024005,5
551332014024008,5
551332014024004,5
551332014024009,5
551332014024012,5
551332016003019,7
551332016003009,7
551332016003017,7
551332016003010,7
551332016003016,7
551332016003011,7
551332016003014,7
551332016003002,7
551332016003008,7
551332016003004,7
551332016003013,7
551332016003005,7
551332016003015,7
551332016003018,7
551332016003007,7
551332016003003,7
551332016003006,7
551332016003001,7
551332016003012,7
551332016003000,7
551332015042005,5
551332015042017,5
551332015042019,5
551332015042021,5
551332015042010,5
551332015042012,5
551332015042000,5
551332015042011,5
551332015042009,5
551332015042016,5
551332015042014,5
551332015042006,5
551332015042022,5
551332015042023,5
551332015042018,5
551332015042008,5
551332015042004,5
551332015042001,5
551332015042002,5
551332015042007,5
551332015042003,5
551332015042015,5
551332015042020,5
551332015042013,5
551332015051007,5
551332015051011,5
551332015051001,5
551332015051004,5
551332015051005,5
551332015051006,5
551332015051010,5
551332015051000,5
551332015051008,5
551332015051009,5
551332015051002,5
551332015051003,5
551332014043000,5
551332014043011,5
551332014043018,5
551332014043002,5
551332014043004,5
551332014043007,5
551332014043001,5
551332014043012,5
551332014043015,5
551332014043019,5
551332014043005,5
551332014043008,5
551332014043009,5
551332014043010,5
551332014043006,5
551332014043003,5
551332014043020,5
551332014043016,5
551332014043021,5
551332014043014,5
551332014043017,5
551332014043013,5
551332016002002,7
551332016002026,7
551332016002018,7
551332016002023,7
551332016002000,7
551332016002027,7
551332016002015,7
551332016002025,7
551332016002014,7
551332016002022,7
551332016002021,7
551332016002013,7
551332016002011,7
551332016002009,7
551332016002019,7
551332016002003,7
551332016002029,7
551332016002016,7
551332016002004,7
551332016002017,7
551332016002001,7
551332016002007,7
551332016002008,7
551332016002028,7
551332016002005,7
551332016002010,7
551332016002012,7
551332016002024,7
551332016002020,7
551332016002006,7
551332014033026,5
551332014033012,5
551332014033001,5
551332014033014,5
551332014033024,5
551332014033016,5
551332014033021,5
551332014033020,5
551332014033003,5
551332014033025,5
551332014033007,5
551332014033010,5
551332014033018,5
551332014033005,5
551332014033027,5
551332014033002,5
551332014033000,5
551332014033009,5
551332014033017,5
551332014033006,5
551332014033015,5
551332014033013,5
551332014033008,5
551332014033004,5
551332014033023,5
551332014033011,5
551332014033019,5
551332014033022,5
551332015041012,5
551332015041003,5
551332015041020,5
551332015041038,5
551332015041023,5
551332015041030,5
551332015041037,5
551332015041021,5
551332015041005,5
551332015041001,10
551332015041031,5
551332015041035,5
551332015041011,5
551332015041025,5
551332015041027,5
551332015041026,5
551332015041040,5
551332015041014,5
551332015041009,5
551332015041034,5
551332015041015,5
551332015041024,5
551332015041033,5
551332015041006,5
551332015041010,5
551332015041013,5
551332015041008,5
551332015041019,5
551332015041017,5
551332015041018,5
551332015041032,5
551332015041028,5
551332015041007,5
551332015041029,5
551332015041039,5
551332015041016,5
551332015041022,5
551332015041004,5
551332015041036,5
551332013003004,5
551332013003012,5
551332013003010,5
551332013003011,5
551332013003002,5
551332013003003,5
551332013003001,5
551332013003000,5
551332013003006,5
551332013003013,5
551332013003005,5
551332013003007,5
551332013003008,5
551332013003009,5
551332013001014,5
551332013001026,5
551332013001012,5
551332029022025,13
551332013001020,5
551332013001005,5
551332013001010,5
551332013001008,5
551332013001016,5
551332013001023,5
551332013001022,5
551332013001015,5
551332013001007,5
551332013001004,5
551332013001025,5
551332013001002,5
551332013001003,5
551332013001017,5
551332013001001,5
551332013001006,5
551332013001021,5
551332013001018,5
551332013001013,5
551332013001011,5
551332013001009,5
551332013001019,5
551332013001000,5
551332014031033,5
551332014031018,5
551332014031021,5
551332014031036,5
551332014031007,5
551332014031019,5
551332013001024,5
551332014031024,5
551332014031042,5
551332014031020,5
551332014031010,5
551332014031009,5
551332014031002,5
551332014031004,5
551332014031031,5
551332014031006,5
551332014031039,5
551332014031026,5
551332014031038,5
551332014031037,5
551332014031016,5
551332014031030,5
551332014031017,5
551332014031032,5
551332014031028,5
551332014031035,5
551332014031034,5
551332014031008,5
551332014031001,10
551332014031025,5
551332014031014,5
551332014031041,5
551332014031012,5
551332014031029,5
551332014031022,5
551332014031011,5
551332014031005,5
551332014031003,5
551332014031013,5
551332014031040,5
551332014031015,5
551332014031027,5
551332014031023,5
551332014042008,5
551332014042005,5
551332014042010,5
551332014042030,5
551332014042017,5
551332014042024,5
551332014042001,5
551332014042011,5
551332014042027,5
551332014042000,5
551332014042006,5
551332014042021,5
551332014042029,5
551332014042028,5
551332014042007,5
551332014042025,5
551332014042016,5
551332014042026,5
551332014042015,5
551332014042014,5
551332014042002,5
551332014042032,5
551332014042020,5
551332014042003,5
551332014042019,5
551332014042009,5
551332014042013,5
551332014042022,5
551332014042012,5
551332014042004,5
551332014042031,5
551332014042023,5
551332014042018,5
551332014032001,5
551332014032003,5
551332011023010,10
551332014032005,5
551332014032009,5
551332014032011,5
551332014032004,5
551332014031000,5
551332011023011,5
551332014032002,5
551332014032006,5
551332014032000,5
551332014032012,5
551332014032007,5
551332011023012,10
551332014032008,5
551332014032010,5
551332011023009,5
551332016001006,5
551332016001001,5
551332016001008,5
551332016001004,5
551332016001011,5
551332016001010,5
551332016001000,5
551332016001005,5
551332016001007,5
551332016001013,5
551332016001012,5
551332016001003,5
551332016001009,5
551332016001002,5
551332015081005,5
551332015081015,5
551332015081009,5
551332015081013,5
551332015081012,5
551332015081014,5
551332015081018,5
551332015081003,5
551332015081017,5
551332015081016,5
551332015081019,5
551332015081008,5
551332015081007,5
551332015081006,5
551332015081011,5
551332015081004,5
551332015081002,5
551332015081001,5
551332015081010,5
551332015081000,5
551332014022015,5
551332014022002,5
551332014022009,5
551332014022000,5
551332014022003,5
551332014022018,5
551332014022001,5
551332014022019,5
551332014022005,5
551332014022012,5
551332014022017,5
551332014022007,5
551332014022016,5
551332014022010,5
551332014022006,5
551332014022013,5
551332014022008,5
551332014022011,5
551332014022004,5
551332014022014,5
551332015062008,5
551332015062007,5
551332015062006,5
551332015062016,5
551332015062001,5
551332015062024,5
551332015062003,5
551332015062012,5
551332015062005,5
551332015062023,5
551332015062013,5
551332015062025,5
551332015062015,5
551332015062009,5
551332015062020,5
551332015062004,5
551332015062018,5
551332015062002,5
551332015062014,5
551332015062022,5
551332015062019,5
551332015062017,5
551332015062021,5
551332015062026,5
551332015072019,5
551332015072001,5
551332015072015,5
551332015072014,5
551332015072004,5
551332015072003,5
551332015072009,5
551332015072013,5
551332015072010,5
551332015072012,5
551332015072017,5
551332015072005,5
551332015072000,5
551332015072016,5
551332015072006,5
551332015072002,5
551332015072008,5
551332015072007,5
551332015072018,5
551332015072011,5
551332015064012,5
551332015064009,5
551332015064020,5
551332015064010,5
551332015063003,5
551332015061012,5
551332015063007,5
551332015064004,5
551332015064003,5
551332015063006,5
551332015064002,5
551332015063013,5
551332015063008,5
551332015064001,5
551332015061002,5
551332015063011,5
551332015061000,5
551332015064018,5
551332015064007,5
551332015063000,5
551332015064015,5
551332015064017,5
551332015064013,5
551332015064008,5
551332015063009,5
551332015064000,5
551332015064005,5
551332015064016,5
551332015061001,5
551332015063002,5
551332015064006,5
551332015064019,5
551332015062000,5
551332015063010,5
551332015062010,5
551332015064011,5
551332015063012,5
551332015064014,5
551332029022024,8
551332029022002,8
551332029022015,8
551332029022019,8
551332029022014,8
551332029022005,8
551332029022011,8
551332029022004,8
551332029022000,13
551332029022017,8
551332029022022,8
551332029022026,8
551332029022013,8
551332029022016,8
551332029022006,8
551332029022007,8
551332029022008,8
551332029022012,8
551332029022021,8
551332029022003,8
551332029022018,8
551332029022010,8
551332029022001,8
551332029022020,8
551332029022009,8
551332029022023,8
551332013002020,5
551332013002017,5
551332013002027,5
551332013002003,5
551332013002030,5
551332013002010,5
551332013002022,5
551332013002005,5
551332013002025,5
551332013002000,5
551332013002002,5
551332013002015,5
551332013002007,5
551332013002026,5
551332013002021,5
551332013002033,5
551332013002004,5
551332013002014,5
551332013002011,5
551332013002018,5
551332013002016,5
551332013002023,5
551332013002012,5
551332013002008,5
551332013002031,5
551332013002028,5
551332013002009,5
551332013002001,5
551332013002013,5
551332013002024,5
551332013002019,5
551332013002029,5
551332013002032,5
551332013002006,5
551332016004017,5
551332016004021,5
551332016004030,5
551332016004016,5
551332016004005,5
551332016004002,5
551332016004015,5
551332016004001,5
551332016004003,5
551332016004006,5
551332016004028,5
551332016004011,5
551332016004000,5
551332016004004,5
551332016004019,5
551332016004013,5
551332016004025,5
551332016004024,5
551332016004012,5
551332016004018,5
551332016004020,5
551332016004027,5
551332016004022,7
551332016004023,6
551332016004033,5
551332016004007,5
551332016004010,5
551332016004029,5
551332016004008,5
551332016004026,5
551332016004009,5
551332016004014,5
551332015073007,5
551332015073003,5
551332015073004,5
551332015073006,5
551332015073010,5
551332015073002,5
551332015073005,5
551332015073000,5
551332015073009,5
551332015041000,5
551332015073001,5
551332015073008,5
551332015073011,5
551332015041002,5
551332014021012,4
551332014021001,4
551332014021021,4
551332014021013,4
551332014021026,4
551332014021017,4
551332014021003,4
551332011022033,4
551332014021016,4
551332014021009,4
551332014021024,4
551332014021023,4
551332014021011,4
551332014021015,4
551332014021018,4
551332014021025,4
551332014021007,4
551332011022036,4
551332011022037,8
551332014021005,4
551332014021004,4
551332014021000,4
551332014021010,4
551332014021019,4
551332014021008,4
551332014021027,4
551332014021022,4
551332014021014,4
551332014021002,4
551332014021020,4
551332011022035,4
551332011022034,8
551332014021006,4
551332015082008,4
551332015082002,4
551332015082010,4
551332015082007,4
551332015082003,4
551332015082005,4
551332015082004,4
551332015082006,4
551332015082000,4
551332015082001,4
551332008043007,6
551332008043016,6
551332008043014,6
551332008043003,6
551332008043002,6
551332008043011,6
551332008043004,6
551332008043001,6
551332008043013,6
551332008043005,6
551332008043000,6
551332008043006,6
551332008043015,6
551332008043010,6
551332008043012,6
551332008043008,6
551332008043009,6
551332008041003,6
551332008041007,6
551332008041008,6
551332008041000,6
551332008041005,6
551332008041009,6
551332008041002,6
551332008041001,6
551332008041006,6
551332008041004,6
551332011011004,6
551332011011015,6
551332011011012,6
551332011011001,6
551332011011006,6
551332011011002,6
551332011011000,6
551332011011013,6
551332011011008,6
551332011011010,6
551332011011007,6
551332011011003,12
551332011011009,6
551332011011005,6
551332011011014,6
551332011011011,6
551332008011039,5
551332008011007,12
551332008011029,5
551332008011038,5
551332008011014,5
551332008011031,5
551332008011033,5
551332008011022,5
551332008011042,5
551332008011037,5
551332008011036,5
551332008011027,10
551332008011013,5
551332008011021,5
551332008011040,5
551332008011026,5
551332008011030,5
551332008011044,5
551332008011025,5
551332008011015,5
551332008011041,10
551332008011035,5
551332008011043,5
551332008011020,5
551332008011010,5
551332008011023,5
551332008011016,5
551332008011017,10
551332008011034,5
551332008011032,5
551332008011024,5
551332008011046,5
551332008011019,5
551332008011012,5
551332011021000,4
551332011021023,4
551332011021008,4
551332011021010,4
551332011021030,4
551332011021034,4
551332011021003,4
551332011021006,4
551332011021022,4
551332011021031,4
551332011021001,4
551332011021035,4
551332011021002,4
551332011021021,4
551332011021013,4
551332011021005,4
551332011021012,4
551332011021017,4
551332011021025,4
551332011021020,4
551332011021032,4
551332011021028,4
551332011021026,4
551332011021033,4
551332011021018,4
551332011021009,4
551332011021015,4
551332011021016,4
551332011021024,4
551332011021007,4
551332011021014,4
551332011021019,4
551332011021011,4
551332011021004,4
551332011021027,4
551332011021029,4
551332011021036,4
551332011013045,6
551332011013054,6
551332011013056,6
551332011013011,6
551332011013035,6
551332011013004,6
551332011013015,6
551332011013031,6
551332011013042,6
551332011013001,6
551332011013024,6
551332011013052,6
551332011013009,6
551332011013047,6
551332011013059,6
551332011013007,6
551332011013051,6
551332011013064,6
551332011013018,6
551332011013043,6
551332011013021,6
551332011013036,6
551332011013000,6
551332011013016,6
551332011013033,6
551332011013053,6
551332011013040,6
551332011013028,6
551332011013030,6
551332011013022,6
551332011013023,6
551332011013019,6
551332011013058,6
551332011013046,6
551332011013027,6
551332011013005,6
551332011013010,6
551332011013057,6
551332011013029,6
551332011013026,6
551332011013017,6
551332011013063,6
551332011013039,6
551332011013014,6
551332011013020,6
551332011013037,6
551332011013013,6
551332011013006,6
551332011013044,6
551332011013032,6
551332011013065,6
551332011013008,6
551332011013003,6
551332011013038,6
551332011013034,6
551332011013049,6
551332011013055,6
551332011013060,6
551332011013050,6
551332011013025,6
551332011013062,6
551332011013061,6
551332011013002,6
551332011013041,6
551332011013012,6
551332011013048,6
551332029014002,7
551332029014000,7
551332029014007,7
551332029014006,7
551332029014008,7
551332029014003,7
551332029014010,7
551332029014009,7
551332029014005,7
551332029014001,7
551332029014004,7
551332012042007,5
551332012042009,5
551332012042015,5
551332012042005,5
551332012041010,5
551332012041018,5
551332012041019,5
551332012042023,5
551332012041002,5
551332012041037,5
551332012041034,5
551332012041007,5
551332012041014,5
551332012042024,5
551332012041008,5
551332012042018,5
551332012041001,5
551332012041000,5
551332012042002,5
551332012042017,5
551332012041036,5
551332012041029,5
551332012041006,5
551332012041011,5
551332012042016,5
551332012041028,5
551332012041027,5
551332012042006,5
551332012042012,5
551332012041021,5
551332012041025,5
551332012041013,5
551332012042020,5
551332012042014,5
551332012042008,5
551332012042004,5
551332012042011,5
551332012041026,5
551332012042010,5
551332012042022,5
551332012041030,5
551332012041017,5
551332012041020,5
551332012041009,5
551332012041015,5
551332012041031,5
551332012042003,5
551332012042001,5
551332012041016,5
551332012041035,5
551332012041003,5
551332012042000,5
551332012041005,5
551332012042019,5
551332012041022,5
551332012041032,5
551332012041012,5
551332012041023,5
551332012041004,5
551332012041033,5
551332012042021,5
551332012042013,5
551332012041024,5
551332008014020,7
551332008014025,7
551332008014011,7
551332008011047,7
551332008011002,7
551332008011001,7
551332008014014,7
551332008014023,7
551332008014010,7
551332008014021,7
551332008014018,7
551332008011003,7
551332008014002,7
551332008011000,8
551332008011018,12
551332008014006,7
551332008014000,7
551332008014013,7
551332008014007,7
551332008011006,12
551332008011011,7
551332008014009,7
551332008011008,12
551332008014004,7
551332008011005,12
551332008014001,7
551332008014022,7
551332008014024,7
551332008014016,7
551332008014019,7
551332008014003,7
551332008014015,7
551332008014017,7
551332008011009,7
551332008014012,7
551332008011045,8
551332008014005,7
551332008014008,7
551332009023015,5
551332009023003,5
551332009023006,5
551332009023007,5
551332009023013,5
551332009023011,5
551332009023002,5
551332009023004,5
551332009023009,5
551332009023008,5
551332009023010,5
551332009023014,5
551332009023012,5
551332009023001,5
551332009023005,5
551332009023000,5
551332009022005,5
551332009022013,5
551332009022001,5
551332009022003,5
551332009022007,5
551332009022002,5
551332009022000,5
551332009022008,5
551332009022009,5
551332009022010,5
551332009022006,5
551332009022014,5
551332009022012,5
551332009022011,5
551332009022004,5
551332008031022,5
551332008031013,5
551332008042002,5
551332008031001,5
551332008031012,5
551332008031018,5
551332008031023,5
551332008031007,5
551332008031002,5
551332008031021,5
551332008031016,5
551332008031005,5
551332008031017,5
551332008031011,5
551332008011004,5
551332008031024,5
551332008031025,5
551332003004025,6
551332008031003,5
551332008031008,5
551332008031019,5
551332008031027,5
551332008031004,5
551332008031000,5
551332008031015,5
551332008031009,5
551332008031010,6
551332008031006,5
551332008031026,5
551332008031020,5
551332008031014,5
551332011014014,5
551332011014020,5
551332011014002,5
551332011014009,5
551332011014015,5
551332011014007,5
551332011014003,5
551332011014011,5
551332011014004,5
551332011014013,5
551332011014005,5
551332011014006,5
551332011014008,5
551332011014001,5
551332011014019,10
551332011014010,5
551332011014012,5
551332011014018,5
551332010011014,5
551332010011015,5
551332010011020,5
551332010011032,5
551332010011003,5
551332010011028,5
551332010011011,5
551332010011016,5
551332010011018,5
551332010011030,5
551332010011006,5
551332010011002,5
551332010011000,5
551332010011017,5
551332010011004,5
551332010011013,5
551332010011009,5
551332010011021,5
551332010011022,5
551332010011027,5
551332010011023,5
551332010011010,5
551332010011024,5
551332010011033,5
551332010011026,5
551332010011019,5
551332010011001,5
551332010011031,5
551332010011025,5
551332010011008,5
551332010011005,5
551332010011029,5
551332010011007,5
551332010011012,5
551332008011048,5
551332008042009,5
551332008042007,5
551332008042000,5
551332008042017,5
551332008042008,5
551332008042010,5
551332008042003,5
551332008042013,5
551332008042019,5
551332008042012,5
551332008042004,5
551332008042006,5
551332008042016,5
551332008042011,5
551332008042014,5
551332008042005,5
551332008042001,5
551332008042015,5
551332008011028,5
551332008042018,5
551332009012010,5
551332009012009,5
551332009012018,5
551332009012017,5
551332009012004,5
551332009012000,5
551332009012002,5
551332009012016,5
551332009012003,5
551332009012011,5
551332009012012,5
551332009012015,5
551332009012008,5
551332009012001,5
551332009012006,5
551332009012005,5
551332009012013,5
551332009012007,5
551332009012014,5
551332029013003,7
551332029013014,7
551332029013010,7
551332029013024,7
551332029013006,7
551332029013012,7
551332029013017,7
551332029013005,7
551332029013023,7
551332029013022,7
551332029013013,7
551332029013008,7
551332029013018,7
551332029013007,7
551332029013000,7
551332029013019,7
551332029013002,7
551332029013009,7
551332029013021,7
551332029013020,7
551332029013015,7
551332029013016,7
551332029013026,7
551332029013025,7
551332029013001,7
551332029013004,7
551332029013011,7
551332008032012,5
551332008032028,5
551332008032007,5
551332008032003,5
551332008032037,5
551332008032010,5
551332008032027,5
551332008032026,5
551332008032018,5
551332008032005,5
551332008032022,5
551332008032034,5
551332008032011,5
551332008032024,5
551332008032039,5
551332008032030,5
551332008032000,5
551332008032035,5
551332008032019,5
551332008032029,5
551332008032025,5
551332008032032,5
551332008032006,5
551332008032014,5
551332008032023,5
551332008032009,5
551332008032021,5
551332008032001,5
551332008032008,5
551332008032015,5
551332008032031,5
551332008032013,5
551332008032017,5
551332008032002,5
551332008032016,5
551332008032036,5
551332008032004,5
551332008032033,5
551332008032020,5
551332008032038,5
551332011023008,5
551332011014000,5
551332011023005,5
551332011023001,5
551332011023006,5
551332011014016,5
551332011023013,5
551332011023002,5
551332011023003,5
551332011023000,5
551332011023004,5
551332011014017,5
551332011023007,5
551332008012007,4
551332008012004,4
551332008012000,4
551332008012008,4
551332008012005,4
551332008012016,4
551332008012010,4
551332008012006,4
551332008012023,4
551332008012018,4
551332008012002,4
551332008012001,4
551332008012020,4
551332008012009,4
551332008012021,4
551332008012017,4
551332008012014,4
551332008012011,4
551332008012022,4
551332008012019,4
551332008012013,4
551332008012012,4
551332008012003,4
551332008012015,4
551332012051023,6
551332012051011,6
551332012051006,6
551332012051004,6
551332012051001,6
551332012051015,6
551332012051017,6
551332012051009,6
551332012051013,6
551332012051019,6
551332012051020,6
551332012051018,6
551332012051012,6
551332012051027,6
551332012051016,6
551332012051007,6
551332012051022,6
551332012051024,6
551332012051014,6
551332012051021,6
551332012051002,6
551332012051003,6
551332012051005,6
551332012051000,6
551332012051026,6
551332012051025,6
551332012051008,6
551332012051010,6
551332010021043,5
551332010021038,5
551332010021020,5
551332010021006,5
551332010021015,5
551332010021044,5
551332010021012,5
551332010021032,5
551332010021010,5
551332010021033,5
551332010021004,5
551332010021034,5
551332010021005,5
551332010021008,5
551332010021017,5
551332010021003,5
551332010021040,5
551332010021037,5
551332010021007,5
551332010021022,5
551332010021035,5
551332010021036,5
551332010021024,5
551332010021045,5
551332010021018,5
551332010021021,5
551332010021026,5
551332010021019,5
551332010021013,5
551332010021002,5
551332010021031,5
551332010021042,5
551332010021023,5
551332010021029,5
551332010021000,5
551332010021025,5
551332010021039,5
551332010021001,5
551332010021011,5
551332010021014,5
551332010021009,5
551332010021030,5
551332010021027,5
551332010021041,5
551332010021016,5
551332010021028,5
551332012012005,6
551332012012002,6
551332012012012,6
551332012012015,6
551332012012016,6
551332012012014,6
551332012012020,6
551332012012004,6
551332012012019,6
551332012012010,6
551332012012011,6
551332012012009,6
551332012012018,6
551332012012013,6
551332012012001,6
551332012012000,6
551332012012007,6
551332012012006,6
551332012012017,6
551332012012003,6
551332012012008,6
551332012032008,5
551332012032001,5
551332012032019,5
551332012032027,5
551332012032014,5
551332012032025,5
551332012032007,5
551332012032031,5
551332012032029,5
551332012032032,5
551332012032006,5
551332012032023,5
551332012032035,5
551332012032024,5
551332012032037,5
551332012032004,5
551332012032012,5
551332012032033,5
551332012032030,5
551332012032016,5
551332012032026,5
551332012032018,5
551332012032005,5
551332012032036,5
551332012032034,5
551332012032011,5
551332012032013,5
551332012032022,5
551332012032020,5
551332012032021,5
551332012032028,5
551332012032038,5
551332012032009,5
551332012032000,5
551332012032003,5
551332012032015,5
551332012032017,5
551332012032002,5
551332012032010,5
551332029021018,7
551332029021000,7
551332029021017,7
551332029021010,7
551332029021005,7
551332029021012,7
551332029021014,7
551332029021009,7
551332029021008,7
551332029021001,7
551332029021011,7
551332029021003,7
551332029021016,7
551332029021006,7
551332029021013,7
551332029021004,7
551332029021007,7
551332029021015,7
551332029021002,7
551332009024009,5
551332009024019,5
551332009024024,5
551332009024001,5
551332009024025,5
551332009024010,5
551332009024004,5
551332009024011,5
551332009024017,5
551332009024018,5
551332009024000,5
551332009024015,5
551332009024012,5
551332009024003,5
551332009024006,5
551332009024014,5
551332009024013,5
551332009024026,5
551332009024023,5
551332009024002,5
551332009024020,5
551332009024007,5
551332009024022,5
551332009024027,5
551332009024008,5
551332009024016,5
551332009024021,5
551332009024005,5
551332010023014,6
551332010023006,6
551332010023015,6
551332010023003,6
551332010023002,6
551332010023011,6
551332010023016,6
551332010023004,6
551332010023005,6
551332010023000,6
551332010023007,6
551332010023001,6
551332010023010,6
551332010023008,6
551332010023013,6
551332010023012,6
551332010023017,6
551332010023009,6
551332012031006,5
551332012031024,5
551332012031013,5
551332012031036,5
551332012031005,5
551332012031009,5
551332012031021,5
551332012031012,5
551332012031016,5
551332012031018,5
551332012031022,5
551332012031031,5
551332012031010,5
551332012031020,5
551332012031032,5
551332012031002,5
551332012031008,5
551332012031017,5
551332012031015,5
551332012031023,5
551332012031000,5
551332012031003,5
551332012031034,5
551332012031029,5
551332012031001,5
551332012031033,5
551332012031004,5
551332012031027,5
551332012031019,5
551332012031037,5
551332012031007,5
551332012031025,5
551332012031028,5
551332012031030,5
551332012031011,5
551332012031035,5
551332012031026,5
551332012031014,5
551332010024017,5
551332010024010,5
551332010024006,5
551332010024014,5
551332010024020,5
551332010024003,5
551332010024016,5
551332010024005,5
551332010024000,5
551332010024007,5
551332010024011,5
551332010024015,5
551332010024009,5
551332010024019,5
551332010024001,5
551332010024008,5
551332010024018,5
551332010024012,5
551332010024013,5
551332010024004,5
551332010024002,5
551332010024021,5
551332009021016,6
551332009021003,6
551332009021013,6
551332009021010,6
551332009021011,6
551332009021005,6
551332009021008,6
551332009021002,6
551332009021014,6
551332009021004,6
551332009021007,6
551332009021006,6
551332009021009,6
551332009021001,6
551332009021012,6
551332009021017,6
551332009021015,6
551332009021000,6
551332011012012,6
551332011012006,6
551332011012033,6
551332011012029,6
551332011012021,6
551332011012013,6
551332011012027,6
551332011012015,6
551332011012025,6
551332011012005,6
551332011012024,6
551332011012020,6
551332011012023,6
551332011012008,6
551332011012030,6
551332011012003,6
551332011012019,6
551332011012017,6
551332011012022,6
551332011012007,6
551332011012032,6
551332011012018,6
551332011012026,6
551332011012001,6
551332011012028,6
551332011012031,6
551332011012014,6
551332011012011,6
551332011012000,6
551332011012010,6
551332011012016,6
551332011012002,6
551332011012004,6
551332011012009,6
551332010012002,5
551332010012003,5
551332010012017,5
551332010012023,5
551332010012024,5
551332010012005,5
551332010012025,5
551332010012000,5
551332010012015,5
551332010012009,5
551332010012007,5
551332010012010,5
551332010012001,5
551332010012016,5
551332010012006,5
551332010012013,5
551332010012008,5
551332010012011,5
551332010012014,5
551332010012021,5
551332010012012,5
551332010012019,5
551332010012018,5
551332010012004,5
551332010012020,5
551332010012022,5
551332029011020,7
551332029011010,7
551332029011024,7
551332029011005,7
551332029011006,7
551332029011025,7
551332029011030,7
551332029011018,7
551332029011026,7
551332029011017,7
551332029011027,7
551332029011000,7
551332029011001,7
551332029011021,7
551332029011009,7
551332029011008,7
551332029011023,7
551332029011014,7
551332029011022,7
551332029011004,7
551332029011028,7
551332029011019,7
551332029011016,7
551332029011013,7
551332029011012,7
551332029011007,7
551332029011011,7
551332029011029,7
551332029011031,7
551332029011015,7
551332011022011,4
551332011022032,4
551332011022028,4
551332011022022,4
551332011022009,4
551332011022015,4
551332011022017,4
551332011022023,4
551332011022004,4
551332011022024,4
551332011022010,4
551332011022025,4
551332011022016,4
551332011022027,4
551332011022026,4
551332011022008,4
551332011022000,4
551332011022002,4
551332011022014,4
551332011022020,4
551332011022006,4
551332011022001,4
551332011022021,4
551332011022031,4
551332011022005,4
551332011022013,4
551332011022030,4
551332011022019,4
551332011022012,4
551332011022003,4
551332011022029,4
551332011022007,4
551332011022018,4
551332012011028,6
551332012011024,6
551332012011008,6
551332012011019,6
551332012011026,6
551332012011009,6
551332012011031,6
551332012011014,6
551332012011011,6
551332012011002,6
551332012011010,6
551332012011033,6
551332012011012,6
551332012011001,6
551332012011023,6
551332012011022,6
551332012011004,6
551332012011030,6
551332012011013,6
551332012011032,6
551332012011006,6
551332012011003,6
551332012011027,6
551332012011029,6
551332012011015,6
551332012011034,6
551332012011018,6
551332012011016,6
551332012011005,6
551332012011017,6
551332012011025,6
551332012011021,6
551332012011007,6
551332012011000,6
551332012011020,6
551332012052026,5
551332012052010,5
551332012052002,5
551332012052005,5
551332012052011,5
551332012052017,5
551332012052022,5
551332012052019,5
551332012052020,5
551332012052009,5
551332012052023,5
551332012052004,5
551332012052027,5
551332012052018,5
551332012052021,5
551332012052001,5
551332012052003,5
551332012052025,5
551332012052014,5
551332012052013,5
551332012052006,5
551332012052015,5
551332012052016,5
551332012052024,5
551332012052012,5
551332012052008,5
551332012052007,5
551332012052000,5
550791853001036,1
550791853001022,1
550791853001032,1
550791853001020,1
550791853001003,1
550791853001010,1
550791853001019,1
550791853001024,1
550791853001005,1
550791853001030,1
550791853001011,1
550791853001033,1
550791853001021,1
550791853001038,1
550791853001009,1
550791853001025,1
550791853001026,1
550791853001023,1
550791853001013,1
550791853001008,1
550791853001012,1
550791853001031,1
550791853001035,1
550791853001017,1
550791853001001,1
550791853001000,1
550791853001028,1
550791853001037,1
550791853001002,1
550791853001029,1
550791853001034,1
550791853001027,1
550791853001014,1
550791853001004,1
550791853001006,1
550791853001039,1
550791853001007,1
550791853001018,1
550791853001015,1
550791853001016,1
551332010022016,4
551332010022019,4
551332010022018,4
551332010022004,4
551332010022015,4
551332010022000,4
551332010022023,4
551332010022012,4
551332010022017,4
551332010022011,4
551332010022022,4
551332010022020,4
551332010022021,4
551332010022009,4
551332010022025,4
551332010022005,4
551332010022024,4
551332010022013,4
551332010022007,4
551332010022008,4
551332010022003,4
551332010022006,4
551332010022002,4
551332010022010,4
551332010022014,4
551332010022001,4
550791008002002,1
550790906002014,1
550790906002010,1
550790906002004,1
550790906002013,1
550790906002011,1
550790906002016,1
550791008002000,1
550790906002002,1
550791008002001,1
550790906002015,1
550790906002018,1
550790906002012,1
550791008002003,1
550790906002006,1
550790906002003,1
550791008001001,2
550790906002001,1
550790906002000,1
550791008001000,2
550790906002009,1
550790906002007,1
550790906002005,1
550790906002017,1
550790906002008,1
550791008001004,2
550790912004010,1
550790912004003,1
550790912004002,1
550790912004015,1
550790912004008,1
550790912004014,1
550790912004000,1
550790912004007,1
550790912004006,1
550790912004009,1
550790912004004,1
550790912004011,1
550790912004001,1
550790912004005,1
550790912004016,1
550790912004012,1
550790912004013,1
550791853003000,1
550791853003003,1
550791853003029,1
550791853003004,1
550791853003013,1
550791853003022,1
550791853003027,1
550791853003018,1
550791853003008,1
550791853003015,1
550791853003020,1
550791853003030,1
550791853003002,1
550791853003017,1
550791853003006,1
550791853003021,1
550791853003026,1
550791853003023,1
550790906004001,2
550791853003025,1
550791853003007,1
550791853003031,1
550791853003005,1
550791853003001,1
550791853003019,1
550791853003016,1
550791853003011,1
550791853003012,1
550791853003009,1
550791853003024,1
550791853003010,1
550791853003028,1
550791853003014,1
550791853002021,1
550791853002012,1
550791853002009,1
550791853002011,1
550791853002015,1
550791853002017,1
550791853002003,1
550791853002008,1
550791853002000,1
550791853002001,1
550791853002016,1
550791853002002,1
550791853002014,1
550791853002004,1
550791853002013,1
550791853002018,1
550791853002020,1
550791853002006,1
550791853002007,1
550791853002019,1
550791853002005,1
550791853002010,1
550790906001022,1
550790906001021,1
550790906001003,1
550790906001006,1
550790906001015,1
550790906001005,1
550790906001017,1
550790906001004,1
550790906001011,1
550790906001008,1
550790906001013,1
550790906001002,1
550790906001010,1
550790906001016,1
550790906001020,1
550790906001014,1
550790906001023,1
550790906001012,1
550790906001001,1
550790906001007,1
550790906001019,1
550790906001000,1
550790906001018,1
550790906001009,1
550790906003001,1
550790906003005,1
550790906003008,1
550790906003012,1
550790906003004,1
550790906003007,1
550790906003006,1
550790906003011,1
550790906003009,1
550790906003010,1
550790906003002,1
550790906003000,1
550790906003003,1
550790906004022,1
550790906004009,1
550790906004008,1
550790906004000,1
550790906004007,1
550790906004017,1
550790906004020,1
550790906004018,1
550790906004021,1
550790906004013,1
550790906004019,1
550790906004012,1
550790906004016,1
550790906004005,1
550790906004010,1
550790906004015,1
550790906004004,1
550790906004014,1
550790906004003,1
550790906004006,1
550790906004011,1
550790906004002,1
550790912003001,1
550790912003005,1
550790912003000,1
550790912003010,1
550790912003004,1
550790912003008,1
550790912003002,1
550790912003007,1
550790912003011,1
550790912003003,1
550790912003009,1
550790912003006,1
550790907002012,1
550790907002006,1
550790907002002,1
550790907002003,1
550790907002014,1
550790907002005,1
550790907002010,1
550790907002013,1
550790907002004,1
550790907002009,1
550790907002020,1
550790907002000,1
550790907002018,1
550790907002001,1
550790907002008,1
550790907002019,1
550790907002007,1
550790907002015,1
550790907002017,1
550790907002016,1
550790907002011,1
551332031042010,2
551332031042002,2
551332031042001,2
551332031042000,2
551332031042004,2
551332031042003,2
551332031042008,2
551332031042006,2
551332031042009,2
551332031042007,2
551332031042005,2
551332022014010,2
551332022014009,2
551332022014019,2
551332022013009,4
551332022014014,2
551332022014013,2
551332022014020,2
551332022014032,2
551332022014034,2
551332022014023,2
551332022014011,2
551332022014024,2
551332022014008,2
551332022014006,2
551332022014001,2
551332022014028,2
551332022014022,2
551332022014026,2
551332022014030,2
551332022014029,2
551332022014005,2
551332022014017,2
551332022014025,2
551332022014015,2
551332022014031,2
551332022014021,2
551332022014033,2
551332022013016,4
551332022014027,2
551332022014002,2
551332022014004,2
551332022014007,4
551332022014000,2
551332022014003,2
551332022014012,4
551332022014016,2
551332022014018,2
551332023033033,2
551332023033034,2
551332023033026,2
551332023033024,2
551332023033016,2
551332023033014,2
551332023031013,2
551332023033027,2
551332023033021,2
551332023033006,2
551332023033000,4
551332023033001,2
551332023031000,2
551332023033020,2
551332023033029,2
551332023033004,2
551332023033036,2
551332023033035,2
551332023033022,2
551332023033031,2
551332023033030,2
551332023033028,2
551332023033015,2
551332023033025,2
551332023033002,2
551332023033010,2
551332023033013,2
551332023031004,2
551332023033017,2
551332023033018,2
551332023033023,2
551332023033032,2
551332023033011,2
551332023031014,2
551332023033019,2
551332023033003,2
551332023033005,2
551332023033012,2
551332023033007,2
551332028002015,2
551332028002013,2
551332028002001,2
551332028002005,2
551332028002020,2
551332028002022,2
551332028002018,2
551332028002026,2
551332028002024,2
551332028002004,2
551332028002021,2
551332028002028,2
551332028002023,2
551332028002025,2
551332028002003,2
551332028002017,2
551332028002009,2
551332028002008,2
551332028002010,2
551332028002002,2
551332028002006,2
551332028002011,2
551332028002014,2
551332028002029,2
551332028002000,2
551332028002030,2
551332028002012,2
551332028002016,2
551332028002019,2
551332028002007,2
551332028002027,2
551332025002011,3
551332025002000,3
551332025002012,3
551332025002010,3
551332025002003,3
551332025002004,3
551332025002009,3
551332025002008,3
551332025002013,3
551332025002002,3
551332025002006,3
551332025002001,3
551332025002007,3
551332025002005,3
551332021022005,2
551332021022007,2
551332021022004,2
551332021022008,2
551332021022000,2
551332021022002,2
551332021022003,2
551332021022001,2
551332021022006,2
551332038061002,2
551332038061007,2
551332038061014,2
551332038061000,2
551332038061003,2
551332038061005,2
551332038061004,2
551332038061027,2
551332038061018,2
551332038061025,2
551332038061023,2
551332038061021,2
551332038061011,2
551332038061019,2
551332038061012,2
551332038061006,2
551332038061016,2
551332038061010,2
551332038061013,2
551332038061017,2
551332038061026,2
551332038061008,2
551332038061015,2
551332038061022,2
551332038061020,2
551332038061009,2
551332038061001,2
551332038061024,2
551332008013008,4
551332008013013,4
551332008013001,4
551332008013004,4
551332008013007,4
551332008013012,4
551332008013006,4
551332008013000,4
551332008013011,4
551332008013010,4
551332008013003,4
551332008013015,4
551332008013014,4
551332008013009,4
551332008013005,4
551332008013002,4
551332031063004,2
551332031063003,2
551332031063002,2
551332031063000,2
551332031063005,2
551332031063009,2
551332031063010,2
551332031063001,2
551332022042007,2
551332022042004,2
551332022042003,2
551332022042000,2
551332022042002,2
551332022042001,2
551332022042005,2
551332022042006,2
551332021021001,2
551332021021008,4
551332021021002,2
551332021021007,2
551332021021004,2
551332021011006,2
551332021021003,2
551332021021006,2
551332021021011,2
551332021011005,2
551332021021009,4
551332021011004,2
551332021021010,2
551332021021000,2
551332021021005,2
551332025004003,2
551332025004002,2
551332025004000,2
551332025004004,2
551332025004006,2
551332025004005,2
551332025004001,2
551332038051006,2
551332038051010,2
551332038051030,2
551332038051036,2
551332038051021,2
551332038051000,2
551332038051039,2
551332038051007,2
551332038051022,2
551332038051032,2
551332038051009,2
551332038051008,2
551332038051034,2
551332038051024,2
551332038051001,2
551332038051004,2
551332038051037,2
551332038051018,2
551332038051017,2
551332038051019,2
551332038051029,2
551332038051015,2
551332038051013,2
551332038051005,2
551332038051031,2
551332038051040,2
551332038051026,2
551332038051028,2
551332038051011,2
551332038051038,2
551332038051027,2
551332038051002,2
551332038051025,2
551332038051014,2
551332038051012,2
551332038051035,2
551332038051020,2
551332038051016,2
551332038051003,2
551332038051023,2
551332038051033,2
551332022012010,2
551332022012007,2
551332022012005,2
551332022012014,2
551332022012013,2
551332022012000,2
551332022012002,2
551332022012003,2
551332022012001,2
551332022012009,2
551332022012008,2
551332022012006,2
551332022012012,2
551332022012011,2
551332022012004,2
551332031071001,3
551332031071006,3
551332031071008,3
551332031071003,3
551332031071009,3
551332031071005,3
551332031071002,3
551332031071007,3
551332031071004,3
551332031062005,2
551332031062013,2
551332031062012,2
551332031062002,2
551332031062003,2
551332031062000,2
551332031062015,2
551332031062011,2
551332031062006,2
551332031062007,2
551332031062009,2
551332031062001,2
551332031062008,2
551332031062010,2
551332031062004,2
551332031062014,2
551332033052015,3
551332033052057,3
551332033052055,3
551332033053015,3
551332033052018,3
551332033052037,3
551332033052006,3
551332033052043,3
551332033052016,3
551332033052019,3
551332033052032,3
551332033052021,3
551332033052003,3
551332033052050,3
551332031052000,5
551332033052009,3
551332033052024,3
551332033052051,3
551332033052000,3
551332033052008,3
551332033052035,3
551332033052002,3
551332033052010,3
551332033052054,3
551332033052017,3
551332033052038,3
551332033052042,3
551332033052012,3
551332033052036,3
551332033052007,3
551332033052044,3
551332033052029,3
551332031041000,3
551332033052004,3
551332033053010,3
551332033052011,3
551332033052040,3
551332033052027,3
551332033052020,3
551332033052039,3
551332033052047,3
551332031051000,3
551332033052056,3
551332033052041,3
551332033052048,3
551332030002027,3
551332033052052,3
551332033052033,3
551332033052014,3
551332033052030,3
551332033052001,3
551332033052053,3
551332033052034,3
551332030002024,3
551332033052031,3
551332033052025,3
551332033052013,3
551332033052049,3
551332033052046,3
551332033052005,3
551332033052022,3
551332033052028,3
551332033052045,3
551332033052023,3
551332033052026,3
551332023044006,2
551332023044002,2
551332023044009,2
551332023044015,4
551332023044004,2
551332023044001,2
551332023044013,4
551332023044008,2
551332023044003,2
551332023044007,2
551332023044016,2
551332023044012,4
551332023044000,4
551332023044014,4
551332023044005,2
551332031041013,2
551332031041012,2
551332031041005,2
551332031041014,2
551332031041003,2
551332031041008,2
551332031041001,2
551332031051001,4
551332031041007,2
551332031041011,2
551332031041004,2
551332031041006,2
551332031041009,2
551332021031011,2
551332021031006,2
551332021031000,2
551332021031023,2
551332021031007,2
551332021031039,2
551332021031024,2
551332021031040,2
551332021031013,2
551332021031012,2
551332021031035,2
551332021031010,2
551332021031008,2
551332021031016,2
551332021031036,2
551332021031033,2
551332021031031,2
551332021031029,2
551332021031027,2
551332021031019,2
551332021031044,2
551332021031003,2
551332021031018,2
551332021031004,2
551332021031015,2
551332021031030,2
551332021031005,2
551332021031009,2
551332021031022,2
551332021031042,2
551332021031026,2
551332021031020,2
551332021031038,2
551332021031014,2
551332021031037,2
551332021031001,2
551332021031028,2
551332021031034,2
551332021031043,2
551332021031002,2
551332021031017,2
551332021031021,2
551332021031032,2
551332021031025,2
551332021031041,2
551332021031045,2
551332031063011,2
551332031063008,2
551332031063007,2
551332031063006,2
551332024001003,2
551332024001005,2
551332024001008,2
551332024001013,2
551332024001016,2
551332024001020,2
551332024001006,2
551332024001023,2
551332024001019,2
551332024001018,2
551332024001010,2
551332024001012,2
551332024001014,2
551332024001021,2
551332024001007,2
551332024001001,2
551332024001004,2
551332024003041,2
551332024001015,2
551332024001017,2
551332024001009,2
551332024001022,2
551332024001002,2
551332024003042,5
551332024001011,2
551332033081003,2
551332033081016,2
551332033081002,2
551332033081013,2
551332033081001,2
551332033081027,2
551332033081005,2
551332033081011,2
551332033081023,2
551332033081000,5
551332033081014,2
551332033081025,2
551332033081022,2
551332033081008,2
551332033081012,2
551332033081028,2
551332033081010,2
551332033081004,2
551332033081015,2
551332033081024,2
551332033081017,2
551332033081026,2
551332033081009,2
551332038052026,2
551332038052015,2
551332038052011,2
551332038052023,2
551332038052004,2
551332038052000,2
551332038052005,2
551332038052027,2
551332038052006,2
551332038052020,2
551332038052019,2
551332038052028,2
551332038052016,2
551332038052021,2
551332038052024,2
551332038052025,2
551332038052001,2
551332038052012,2
551332038052007,2
551332038052029,2
551332038052017,2
551332038052010,2
551332038052022,2
551332038052008,2
551332038052003,2
551332038052018,2
551332038052002,2
551332038052013,2
551332038052009,2
551332038052014,2
551332023041020,3
551332023041029,3
551332023041013,3
551332023041025,3
551332023041008,3
551332023041004,3
551332023041022,3
551332023041010,3
551332023041006,3
551332023041003,3
551332023043003,5
551332023043004,5
551332023041030,3
551332023041026,3
551332023041032,3
551332023041000,3
551332023041016,3
551332023043008,5
551332023043000,5
551332023041024,3
551332023041001,3
551332023041014,3
551332023041015,3
551332023041027,3
551332023041033,3
551332023041017,3
551332023041019,3
551332023041011,3
551332023041002,3
551332023041021,3
551332023041012,3
551332023041031,3
551332023041028,3
551332023041005,3
551332023041023,3
551332023041007,3
551332023041009,3
551332023041018,3
551332023043011,5
551332024004001,3
551332024004000,5
551332013004007,3
551332013004004,3
551332013004013,3
551332013004005,3
551332013004008,3
551332013004003,3
551332013004012,3
551332013004009,3
551332013004014,3
551332013004006,3
551332013004011,3
551332013004010,3
551332013004002,3
551332013004001,3
551332013004016,3
551332013004000,3
551332013004015,3
551332013004017,3
551332022043004,2
551332022043006,2
551332022043002,2
551332022043003,2
551332022043005,2
551332022043009,2
551332022043010,2
551332022043000,2
551332022043001,2
551332030001014,2
551332030001012,2
551332030001000,2
551332030001005,2
551332030001008,2
551332030001004,2
551332030001015,2
551332030001001,2
551332030001013,2
551332030001002,2
551332030001010,2
551332030001006,2
551332030001011,2
551332030001009,2
551332030001003,2
551332030001007,2
551332023012005,2
551332023012006,2
551332023012011,2
551332023011021,4
551332023011031,4
551332023012023,2
551332023012018,2
551332023012000,2
551332023012010,2
551332023012016,2
551332023012017,2
551332023012007,2
551332023012002,2
551332023012021,2
551332023012009,2
551332023012015,2
551332023012004,2
551332023012022,2
551332023011030,4
551332023012001,2
551332023012012,2
551332023012014,2
551332023012013,2
551332023011023,4
551332023012024,2
551332023012019,2
551332023012020,2
551332023012003,2
551332023012008,2
551332023032004,2
551332023032001,2
551332023033009,2
551332023032002,2
551332023032003,2
551332023033008,2
551332023032000,5
551332023032005,2
551332037024016,2
551332037024001,2
551332037024013,2
551332037024003,2
551332037024006,2
551332037024004,2
551332037024014,2
551332037024015,2
551332037024012,2
551332037024021,2
551332037024022,2
551332037024017,2
551332037024005,2
551332037024010,2
551332037024002,2
551332037024018,2
551332037024009,2
551332037024020,2
551332037024008,2
551332037024019,2
551332037024007,2
551332037024011,2
551332026001004,3
551332026001008,3
551332026001002,3
551332026001006,3
551332026001000,3
551332026001009,3
551332026001001,3
551332026001005,3
551332026001003,3
551332026001007,3
551332033082013,3
551332033082018,3
551332033081018,3
551332033082010,3
551332033082014,3
551332033082017,3
551332033082024,3
551332033082023,3
551332033081020,3
551332033082008,3
551332033082021,3
551332033081006,3
551332033082009,3
551332033082002,3
551332033082007,3
551332033082019,3
551332033082000,3
551332033082020,3
551332033082025,3
551332033082016,3
551332033081019,3
551332033082005,3
551332033082001,3
551332033082029,3
551332033082006,3
551332033081021,3
551332033082028,3
551332033082026,3
551332033082011,3
551332033082015,3
551332033082027,3
551332033082003,3
551332033082022,3
551332033082012,3
551332033081007,3
551332033082004,3
551332033082030,3
551332021023000,2
551332021024032,4
551332021023014,2
551332021023001,2
551332021023019,4
551332021023021,2
551332021023017,2
551332021023011,2
551332021023002,2
551332021023015,2
551332021023007,2
551332021023018,2
551332021023012,2
551332021023008,2
551332021023013,2
551332021023016,2
551332021023006,2
551332021023010,2
551332021023005,2
551332021023009,2
551332021032011,2
551332021032016,2
551332021032019,2
551332021032020,2
551332021032010,2
551332021032018,2
551332021032008,2
551332021032017,2
551332021032007,2
551332021032000,2
551332021032004,2
551332021032021,2
551332021032015,2
551332021032014,2
551332021032006,2
551332021032001,2
551332021024003,4
551332021032013,2
551332021032002,2
551332021032005,2
551332021032003,2
551332021032009,2
551332021032012,2
551332029012012,4
551332029012005,4
551332029012013,4
551332029012014,4
551332029012003,4
551332029012006,4
551332029012015,4
551332029012001,4
551332029012011,4
551332029012009,4
551332029012008,4
551332029012010,4
551332029012000,4
551332029012007,4
551332029012002,4
551332029012016,4
551332024002001,2
551332024002006,2
551332024002000,2
551332024002008,2
551332024002013,2
551332024002003,2
551332024002012,2
551332024002005,2
551332024002010,2
551332024002011,2
551332024002007,2
551332024002004,2
551332024002009,2
551332024002002,2
551332023013012,2
551332023013009,2
551332023013027,2
551332023013001,2
551332023013040,2
551332023013029,2
551332023013030,2
551332023013008,2
551332023013021,2
551332023013044,2
551332023013002,2
551332023013037,2
551332023013039,2
551332023013011,2
551332023013028,2
551332023013025,2
551332023013015,2
551332023013038,2
551332023013022,2
551332023013016,2
551332023013010,2
551332023013019,2
551332023013013,2
551332023013014,2
551332023013042,2
551332023013041,2
551332023013006,2
551332023013036,2
551332023013003,2
551332023013033,2
551332023013018,2
551332023013024,2
551332023013007,2
551332023013000,2
551332023013005,2
551332023013043,2
551332023013026,2
551332023013017,2
551332023013034,2
551332023013035,2
551332023013032,2
551332023013031,2
551332023013045,2
551332023013004,2
551332023013023,2
551332023013020,2
551332021012027,2
551332021012021,2
551332021013017,2
551332021012028,2
551332021012045,2
551332021013014,2
551332021012006,2
551332021012030,2
551332021023004,2
551332021013019,2
551332021024034,2
551332021013010,2
551332021013001,2
551332021012003,2
551332021013016,2
551332021013006,2
551332021013018,2
551332021012031,2
551332021013009,2
551332021013013,2
551332021012035,2
551332021012050,2
551332021012037,2
551332021012025,2
551332021013007,2
551332021013015,2
551332021012052,2
551332021012039,2
551332021012044,2
551332021013026,2
551332021012009,2
551332021012007,2
551332021013008,2
551332021012046,2
551332021012032,2
551332021012054,2
551332021023003,2
551332021013005,2
551332021012024,2
551332021011031,4
551332021012011,2
551332021012023,2
551332021013022,2
551332021012020,2
551332021012014,2
551332021012004,2
551332021012016,2
551332021013012,2
551332021012022,2
551332021013003,2
551332021013021,2
551332021012008,2
551332021013020,2
551332021023020,2
551332021012005,2
551332021012053,2
551332021012029,2
551332021013000,2
551332021013023,2
551332021012042,2
551332021013004,2
551332021012015,2
551332021012043,2
551332021012000,2
551332021013024,2
551332021012010,2
551332021013011,2
551332021012033,2
551332021012002,2
551332021012038,2
551332021012040,2
551332021013002,2
551332021012041,2
551332021012013,2
551332021012017,2
551332021013025,2
551332021012049,2
551332021024033,2
551332021012012,2
551332021012019,2
551332021012034,2
551332021012047,2
551332021012026,2
551332021012001,2
551332021012018,2
551332021012051,2
551332021012036,2
551332021012048,2
551332038022002,2
551332031032000,2
551332031032017,2
551332031032015,2
551332031032018,2
551332031032013,2
551332031032003,2
551332031032009,2
551332031032012,2
551332031032008,2
551332031032002,2
551332031032014,2
551332031032001,2
551332031032005,2
551332031032016,2
551332031032010,2
551332031032004,2
551332031032011,2
551332031032007,2
551332031032006,2
551332031033005,2
551332031033004,2
551332031033009,2
551332031033008,2
551332031033002,2
551332031033000,2
551332031033001,2
551332031033010,2
551332031033006,2
551332031033007,2
551332031033003,2
551332038053014,2
551332038053019,2
551332038053001,2
551332038053023,2
551332038053032,2
551332038053010,2
551332038053022,2
551332038053033,2
551332038053027,2
551332038053031,2
551332038053018,2
551332038053007,2
551332038053029,2
551332038053000,2
551332038053002,2
551332038053015,2
551332038053028,2
551332038053034,2
551332038053013,2
551332038053024,2
551332038053016,2
551332038053005,2
551332038053026,2
551332038053006,2
551332038053017,2
551332038053021,2
551332038053004,2
551332038053012,2
551332038053009,2
551332038053011,2
551332038053008,2
551332038053020,2
551332038053003,2
551332038053030,2
551332038053025,2
551332033073029,4
551332033071027,6
551332033072003,4
551332033073024,4
551332033072007,4
551332033073005,4
551332033073012,4
551332033073039,4
551332033073000,4
551332033073007,4
551332033073013,4
551332033073017,4
551332033073031,4
551332033072001,6
551332033073025,4
551332033073016,4
551332033072000,4
551332033073040,4
551332033072006,4
551332033073020,4
551332033073018,4
551332033072002,4
551332033073004,4
551332033073019,4
551332033073034,6
551332033073015,4
551332033073036,4
551332033073006,4
551332033073035,4
551332033073003,4
551332033073026,4
551332033073001,4
551332033073038,4
551332033073002,4
551332033073014,4
551332033073033,4
551332033073030,4
551332033073041,4
551332033073022,4
551332033073028,4
551332033073023,4
551332033073032,4
551332033073037,4
551332033073011,6
551332033073027,4
551332030002040,4
551332029011002,4
551332033071026,4
551332030002008,4
551332030002005,4
551332030002046,4
551332030002009,4
551332030002018,4
551332030002035,4
551332030002033,4
551332030002038,4
551332030002045,4
551332030002015,4
551332030002007,4
551332028001010,8
551332030002021,4
551332030002014,4
551332030002037,4
551332030002017,4
551332029011003,4
551332030002011,4
551332028001009,4
551332030002042,4
551332030002030,4
551332030002010,4
551332030002019,4
551332030002016,4
551332030002032,4
551332030002002,4
551332030002031,4
551332033071024,4
551332030002047,4
551332030002023,4
551332030002041,4
551332030002025,4
551332030002020,4
551332033071025,4
551332030002044,4
551332030002003,4
551332029012004,4
551332031041002,4
551332030002043,4
551332030002006,4
551332030002022,4
551332030002036,4
551332030002004,4
551332031031000,6
551332030002001,4
551332030002012,4
551332030002026,4
551332030002013,4
551332031041010,4
551332030002034,4
551332030002039,4
551332030002029,4
551332030002000,4
551332030002028,4
551332031031001,4
551332024003021,3
551332024003002,3
551332024003001,3
551332024003003,3
551332024003028,3
551332024003018,3
551332024003043,3
551332024003024,3
551332024003022,3
551332024003030,3
551332024003027,3
551332024003014,3
551332024003036,3
551332024003016,3
551332024003004,3
551332024003009,3
551332024003017,3
551332024003031,3
551332024003020,3
551332024003011,3
551332024003006,3
551332024003034,3
551332024003025,3
551332024003029,3
551332024003033,3
551332024003008,3
551332024003005,3
551332024003015,3
551332024003012,3
551332024003037,3
551332024003007,3
551332024003026,3
551332024003000,3
551332024003040,3
551332024003019,3
551332024003038,3
551332024003032,3
551332024003039,3
551332024003023,3
551332024003035,3
551332024003013,3
551332024003010,3
551332023031009,2
551332023031011,2
551332023031012,2
551332023031015,2
551332023031002,2
551332023031003,2
551332023031007,2
551332023031005,2
551332023031001,2
551332023031010,2
551332023031017,2
551332023031016,2
551332023031018,2
551332023031008,2
551332023031006,2
551332022041008,2
551332022041002,2
551332022041005,2
551332022041018,2
551332022041033,2
551332022041021,2
551332022041014,2
551332022041034,2
551332022041036,2
551332022041024,2
551332022041017,2
551332022041028,2
551332022041007,2
551332022041035,2
551332022041032,2
551332022041003,2
551332022041029,2
551332022041000,2
551332022041001,2
551332022041026,2
551332022041020,2
551332022041016,2
551332022041006,2
551332022041004,2
551332022041038,2
551332022041031,2
551332022041010,2
551332022041019,2
551332022041015,2
551332022041011,2
551332022041027,2
551332022041013,2
551332022041009,2
551332023011006,6
551332022041012,2
551332022041025,2
551332022041023,2
551332022041037,2
551332023011005,2
551332022041022,2
551332022041030,2
551332027001012,6
551332027002005,3
551332027002019,3
551332027002010,3
551332027002017,3
551332027002008,3
551332027002006,3
551332027002002,3
551332027002014,3
551332027002015,3
551332027002013,3
551332027002003,3
551332027002001,3
551332027002012,3
551332027002004,3
551332027002011,3
551332027002018,3
551332027002009,3
551332027002007,3
551332027002016,3
551332027001013,6
551332023043010,2
551332023043001,2
551332023043002,2
551332023043007,2
551332023043009,2
551332023043006,2
551332023043012,2
551332023043005,2
551332025005001,2
551332025005005,2
551332025005003,2
551332025005007,2
551332024001000,2
551332025005002,2
551332025005006,2
551332025005004,2
551332025005000,2
551332031031012,2
551332031031004,2
551332031031009,2
551332031031008,2
551332031071000,2
551332031031006,2
551332031031011,2
551332031031010,2
551332031031002,2
551332031031007,2
551332031031003,2
551332031031005,2
551332031061008,2
551332031061001,2
551332031061007,2
551332031061005,2
551332031061009,2
551332031061000,2
551332031061010,2
551332031061003,2
551332031061006,2
551332031061004,2
551332031061002,2
551332033071005,2
551332033071010,2
551332033071023,2
551332033073008,2
551332033071009,2
551332033071013,2
551332033071012,2
551332033071016,2
551332033071021,2
551332033071000,2
551332033072004,2
551332033071004,2
551332033073010,2
551332033071017,2
551332033073009,2
551332033073021,2
551332033071002,2
551332033071011,2
551332033071003,2
551332033071020,2
551332033071019,2
551332033071014,2
551332033072008,2
551332033071001,2
551332033071022,2
551332033072005,2
551332033071008,2
551332033071006,2
551332033071015,2
551332033071007,2
551332033071018,2
551332031035009,2
551332031035007,2
551332031035000,2
551332031035008,2
551332031035001,2
551332031035003,2
551332031035006,2
551332031035004,2
551332031035010,2
551332031035002,2
551332031035005,2
551332026003002,3
551332026003010,3
551332026003003,3
551332026003009,3
551332026003007,3
551332026003000,3
551332026003012,3
551332026003005,3
551332026003011,3
551332026003004,3
551332026003001,3
551332026003006,3
551332026003008,3
551332031052026,3
551332031052009,3
551332031052022,3
551332031052004,3
551332031052018,3
551332031052029,3
551332031052025,3
551332031052014,3
551332031052019,3
551332031052013,3
551332031052028,3
551332031052024,3
551332031052007,3
551332031052021,3
551332031052015,3
551332031052027,3
551332031052011,3
551332031052008,3
551332031052017,3
551332031052023,3
551332031052003,3
551332031052002,3
551332031052010,3
551332031052020,3
551332031052016,3
551332026002010,3
551332026002014,3
551332026002004,3
551332026002007,3
551332026002009,3
551332026002018,3
551332026002024,3
551332026002019,3
551332026002003,3
551332026002011,3
551332026002017,3
551332026002001,3
551332026002005,3
551332026002008,3
551332026002015,3
551332026002006,3
551332026002023,3
551332026002016,3
551332026002022,3
551332026002012,3
551332026002021,3
551332026002013,3
551332026002000,3
551332026002020,3
551332026002002,3
551332025001010,3
551332025001021,3
551332025001022,3
551332025001023,3
551332025001026,3
551332025001019,3
551332025001017,3
551332025001015,3
551332025001000,3
551332025001002,7
551332025001012,3
551332025001011,3
551332025001009,3
551332025001025,3
551332025001028,3
551332025001003,3
551332025001018,3
551332025001014,3
551332025001020,3
551332025001001,3
551332025001005,11
551332025001016,3
551332025001024,3
551332025001027,3
551332025001006,3
551332025001013,3
551332025001004,3
551332025001008,3
551332031034000,2
551332031034005,2
551332031034003,2
551332031034008,2
551332031034001,2
551332031034007,2
551332031034006,2
551332031034004,2
551332031034002,2
551332025003033,2
551332025003000,2
551332025003021,2
551332025003028,2
551332025003015,2
551332025003013,2
551332025003012,2
551332025003018,2
551332025003027,2
551332025003020,2
551332025003030,2
551332025003010,2
551332025003011,2
551332025003022,2
551332025003006,2
551332025003023,2
551332025003024,2
551332025003034,2
551332025003003,2
551332025003031,2
551332025003007,2
551332025003017,2
551332025003014,2
551332025003025,2
551332025003008,2
551332025003004,2
551332025003005,2
551332025003032,2
551332025003026,2
551332025003001,2
551332025003019,2
551332025003002,2
551332025003009,2
551332025003029,2
551332025003016,2
551332028001023,4
551332028001006,4
551332028001016,4
551332028001005,4
551332028001011,4
551332028001013,4
551332028001020,4
551332028001017,4
551332028001019,4
551332028001030,4
551332028001001,4
551332028001008,4
551332028001029,4
551332028001025,4
551332028001021,4
551332028001031,4
551332028001004,4
551332028001022,4
551332028001018,4
551332028001024,4
551332028001014,4
551332028001000,4
551332025001007,4
551332028001007,4
551332028001026,4
551332028001003,4
551332028001015,4
551332028001027,4
551332028001012,4
551332028001028,4
551332028001002,4
551332022031003,2
551332022031004,2
551332022043007,2
551332022031002,2
551332022031006,2
551332022043008,2
551332022031007,2
551332022031000,2
551332022031001,2
551332022031005,2
551332022031009,2
551332024004018,2
551332024004005,2
551332024004002,2
551332024004009,2
551332024004021,2
551332024004003,2
551332024004015,2
551332024004016,2
551332024004004,2
551332024004017,2
551332024004013,2
551332024004020,2
551332024004019,2
551332024004014,2
551332024004012,2
551332024004010,2
551332024004006,2
551332024004007,2
551332024004011,2
551332024004008,2
551332031072023,3
551332031072017,3
551332031072008,3
551332031072009,3
551332031072033,3
551332031072022,3
551332031072031,3
551332031072021,3
551332031072028,3
551332031072002,3
551332031072032,3
551332031072007,3
551332031072024,3
551332031072010,3
551332031072029,3
551332031072015,3
551332031072026,3
551332031072000,3
551332031072012,3
551332031072005,3
551332031072020,3
551332031072004,3
551332031072030,3
551332031072001,3
551332031072014,3
551332031072027,3
551332031072016,3
551332031072018,3
551332031072003,3
551332031072011,3
551332031072006,3
551332031072034,3
551332031072025,3
551332031072019,3
551332031072013,3
551332022032010,2
551332022032000,2
551332022031008,2
551332022032007,2
551332023011018,4
551332022032008,2
551332022032006,2
551332022032011,2
551332022032002,2
551332022041039,2
551332022032003,2
551332022032009,2
551332022032005,2
551332022032001,2
551332022032004,2
551332027001009,3
551332027001017,3
551332027001000,3
551332027001005,3
551332027001014,3
551332027001001,3
551332027001003,3
551332027001004,3
551332027001015,3
551332027001008,3
551332027001006,3
551332027002000,3
551332027001010,3
551332027001002,3
551332027001007,3
551332027001011,3
551332027001016,3
551332029023013,4
551332029023012,4
551332029023009,4
551332029023006,4
551332029023017,4
551332029023018,4
551332029023011,4
551332029023008,4
551332029023007,4
551332029023005,4
551332029023015,4
551332029023014,4
551332029023016,4
551332029023003,4
551332029023000,4
551332029023010,4
551332029023004,4
551332029023001,4
551332029023002,4
551332022011009,2
551332022011000,2
551332022011003,2
551332022011005,2
551332022011011,2
551332022011004,2
551332022011010,2
551332022011008,2
551332022011007,2
551332022011001,2
551332022011006,2
551332022011002,2
551332023011032,2
551332023011001,2
551332023011008,2
551332023011025,2
551332023011000,2
551332023011003,2
551332023011012,2
551332023011017,2
551332023011016,2
551332023011015,2
551332023011004,2
551332023011026,2
551332023011007,2
551332023011022,2
551332023011019,2
551332023011002,2
551332023011033,2
551332023011014,2
551332023011024,2
551332023011028,2
551332023011009,2
551332023011027,2
551332023011013,2
551332023011020,2
551332023011010,2
551332023011011,2
551332023011029,2
551332023042011,2
551332023042021,2
551332023042022,2
551332023044011,2
551332023042016,2
551332023042015,2
551332023042017,2
551332023042024,2
551332023042004,2
551332023042005,2
551332023042010,2
551332023042002,2
551332023042000,2
551332023042007,2
551332023042008,2
551332023042013,2
551332023042014,2
551332023042012,2
551332023042019,2
551332023042006,2
551332023042023,2
551332023042009,2
551332023044010,2
551332023042003,2
551332023042001,2
551332023042018,2
551332023042020,2
551332031052005,2
551332031052006,2
551332031051004,2
551332031052012,2
551332031051002,2
551332031051003,2
551332031051005,2
551332021024029,2
551332020012000,2
551332021024047,2
551332021024045,2
551332021024000,2
551332021024048,2
551332021024018,2
551332021024021,2
551332021024026,2
551332021024028,2
551332021024009,2
551332021024024,2
551332021024006,2
551332021024035,2
551332021024041,2
551332021024023,2
551332021024013,2
551332021024017,2
551332021024012,2
551332021024036,2
551332021024011,2
551332021024001,2
551332021024038,2
551332021024025,2
551332021024010,2
551332021024004,2
551332021024040,2
551332021024022,2
551332021024031,2
551332021024037,2
551332021024019,2
551332021024042,2
551332021024014,2
551332021024015,2
551332021024002,2
551332021024020,2
551332021024008,2
551332021024005,2
551332021024030,2
551332021013027,2
551332021024046,2
551332021024039,2
551332021024027,2
551332021024044,2
551332021024043,2
551332021024007,2
551332021024016,2
551332021011000,2
551332021011007,2
551332021011018,2
551332021011014,2
551332021011002,2
551332021011008,2
551332021011013,2
551332021011022,2
551332021011009,2
551332021011028,2
551332021011019,2
551332021011016,2
551332021011029,2
551332021011025,2
551332021011017,2
551332021011026,2
551332038062001,3
551332021011030,2
551332021011021,2
551332021011012,2
551332021011032,2
551332021011015,2
551332021011020,2
551332021011023,2
551332021011011,2
551332021011010,2
551332021011024,2
551332021011027,3
551332021011003,2
551332021011001,2
551332028003004,3
551332028003011,3
551332028003009,3
551332028003001,3
551332028003007,3
551332028003003,3
551332028003002,3
551332028003010,3
551332028003006,3
551332028003000,3
551332028003013,3
551332028003005,3
551332028003012,3
551332028003008,3
551332022013021,2
551332022013020,2
551332022013000,2
551332022013005,2
551332022013011,2
551332022013012,2
551332022013006,2
551332022013017,2
551332022013018,2
551332022013015,2
551332022013019,2
551332022013003,2
551332022013010,2
551332022013013,2
551332022013002,2
551332022013007,2
551332022013008,2
551332022013004,2
551332022013014,2
551332022013001,2
551332031053006,3
551332031053002,3
551332031053011,3
551332031053010,3
551332031053005,3
551332031053000,3
551332031053009,3
551332031053003,3
551332031053001,3
551332031053008,3
551332031053007,3
551332031053004,3
551332038062026,1
551332038062006,1
551332038062016,1
551332038062011,1
551332038062008,1
551332038062038,1
551332038062013,1
551332038062014,1
551332038062019,1
551332038062018,1
551332038062002,1
551332038062039,1
551332038062004,1
551332038062015,1
551332038062047,1
551332038062022,1
551332038062029,1
551332038062025,1
551332038062040,1
551332038062028,1
551332038062046,1
551332038062032,1
551332038062010,1
551332038062021,1
551332038062031,1
551332038062044,1
551332038062034,1
551332038062027,1
551332038062003,1
551332038062037,1
551332038062036,1
551332038062005,1
551332038062017,1
551332038062024,1
551332038062042,1
551332038062007,1
551332038062041,1
551332038062030,1
551332038062009,1
551332038062012,1
551332038062035,1
551332038062033,1
551332038062000,1
551332038062045,1
551332038062023,1
551332038062020,1
551332038062049,1
551332038062043,1
551332038062048,1
551332033053011,2
551332033053012,2
551332033053006,2
551332033053014,2
551332033053009,2
551332033053008,2
551332033053003,2
551332033053007,2
551332033053000,2
551332033053005,2
551332033053004,2
551332033053001,2
551332031052001,2
551332033053002,2
551332033053017,2
551332033053016,2
551332033053013,2
551332007003027,4
551332007003003,4
551332007003015,4
551332007003013,4
551332007003019,4
551332007003011,4
551332007003023,4
551332007003014,4
551332007003007,4
551332007003008,4
551332007003001,4
551332007003006,8
551332007003018,4
551332007003022,4
551332007003012,4
551332007003021,4
551332007003025,4
551332007003010,4
551332007003009,4
551332007003020,4
551332007003016,4
551332007003028,4
551332007003017,4
551332007003024,4
551332007003002,4
551332007003026,4
551332007003004,4
551332007003005,4
551332007003000,4
551332006002010,2
551332006002003,2
551332006002016,2
551332006002021,2
551332006002022,2
551332006002005,2
551332006002008,2
551332006002009,2
551332006002025,2
551332006002002,2
551332006002029,2
551332006002015,2
551332006002017,2
551332006002001,2
551332006002011,2
551332006002018,2
551332006002027,6
551332006002014,2
551332006002028,2
551332006002024,2
551332006002026,2
551332006002013,2
551332006002019,2
551332006002007,2
551332006002000,2
551332006002023,2
551332006002012,2
551332006002020,2
551332006002006,2
551332006002004,2
551332007001021,4
551332007001022,4
551332007001026,4
551332007001001,4
551332007001016,4
551332007001005,4
551332007001013,4
551332007001012,4
551332007001025,4
551332007001003,4
551332007001024,4
551332007001007,4
551332007001009,4
551332007001015,4
551332007001027,8
551332007001020,4
551332007001023,4
551332007002000,8
551332007001000,4
551332007001011,4
551332007001008,4
551332007001006,4
551332007001018,4
551332007001019,4
551332007001002,4
551332007001014,4
551332007001004,4
551332007001017,4
551332007001010,4
551332007002001,4
551332007002021,4
551332007002026,4
551332007002011,4
551332007002027,4
551332007002004,4
551332007002013,4
551332007002023,4
551332007002007,4
551332007002005,4
551332007002012,4
551332007002019,4
551332007002028,4
551332007002022,4
551332007002010,4
551332007002024,4
551332007002030,4
551332007002017,4
551332007002018,4
551332007002015,4
551332007002016,4
551332007002029,4
551332007002002,4
551332007002003,4
551332007002006,4
551332007002014,4
551332007002025,4
551332007002020,4
551332007002009,4
551332007002008,4
551332009013015,3
551332009013004,3
551332009013019,3
551332009013018,3
551332009013010,3
551332009013013,3
551332009013014,3
551332009013021,3
551332009013009,3
551332009013003,3
551332009013011,3
551332009013020,3
551332009013000,3
551332009013005,3
551332009013007,3
551332009013008,3
551332009013006,3
551332009013016,3
551332009013012,7
551332009013017,3
551332009013001,3
551332009013002,3
551332008033013,4
551332008033020,4
551332008033010,4
551332008033003,4
551332008033016,4
551332008033002,4
551332008033024,4
551332008033008,4
551332008033021,4
551332008033011,4
551332008033015,4
551332008033018,4
551332008033000,4
551332008033025,4
551332008033012,4
551332008033014,4
551332008033017,4
551332008033005,4
551332008033019,4
551332008033001,4
551332008033009,4
551332008033006,4
551332008033023,4
551332008033007,4
551332008033004,4
551332008033022,4
551332009011016,4
551332009011025,4
551332009011030,4
551332009011032,4
551332009011018,4
551332009011023,4
551332009011033,4
551332009011002,4
551332009011031,4
551332009011003,4
551332009011012,4
551332009011013,4
551332009011028,4
551332009011027,4
551332009011010,4
551332009011015,4
551332009011024,4
551332009011004,4
551332009011011,4
551332009011005,4
551332009011009,4
551332009011017,4
551332009011008,4
551332009011007,4
551332009011000,4
551332009011014,4
551332009011029,4
551332009011026,4
551332009011022,4
551332009011001,4
551332009011006,4
551332009011019,4
551332009011020,4
551332009011021,4
551332004004021,1
551332004004009,1
551332004004020,1
551332004004038,1
551332004004019,1
551332004004017,1
551332004004032,1
551332004004027,1
551332004004005,1
551332004004024,1
551332004004004,1
551332004004000,1
551332004004030,1
551332004004025,1
551332004004006,1
551332004004043,1
551332004004011,1
551332004004008,1
551332004004042,1
551332004004015,1
551332004004022,1
551332004004031,1
551332004004010,1
551332004004028,1
551332004004044,1
551332004004041,1
551332004004035,1
551332004004012,1
551332004004007,1
551332004004029,1
551332004004037,1
551332004004016,1
551332004004033,1
551332004004036,1
551332004004013,1
551332004004001,1
551332004004040,1
551332004004014,1
551332004004026,1
551332004004039,1
551332004004018,1
551332004004023,1
551332004004002,1
551332004004045,1
551332004004003,1
551332004004034,1
551332003001025,1
551332003001017,1
551332003001004,1
551332003001019,1
551332003001007,1
551332003001018,1
551332003001015,1
551332003001000,1
551332003001028,1
551332003001022,1
551332003001026,1
551332003001001,1
551332003001013,1
551332003001027,1
551332003001009,1
551332003001032,1
551332003001023,1
551332003001021,1
551332003001005,1
551332003001029,1
551332003001024,1
551332003001011,1
551332003001012,1
551332003001003,1
551332003001002,1
551332003001008,1
551332003001010,1
551332003001031,1
551332003001020,1
551332003001030,1
551332003001016,1
551332003001006,1
551332003001014,1
551332003002003,1
551332003002015,1
551332003002016,1
551332003002010,1
551332003002008,1
551332003002012,1
551332003002006,1
551332003002005,1
551332003002009,1
551332003002001,1
551332003002000,1
551332003002002,1
551332003002018,1
551332003002011,1
551332003002014,1
551332003002017,1
551332003002007,1
551332003002004,1
551332003002013,1
551332003004019,1
551332003004005,1
551332003004013,1
551332003004021,1
551332003004028,1
551332003004010,1
551332003004037,1
551332003004016,1
551332003004023,1
551332003004031,1
551332003004000,1
551332003004020,1
551332003004035,1
551332003004024,1
551332003004015,1
551332003004012,1
551332003004008,1
551332003004034,1
551332003004027,1
551332003004004,1
551332003004001,1
551332003004022,1
551332003004007,1
551332003004017,1
551332003004003,1
551332003004033,1
551332003004026,1
551332003004036,1
551332003004002,1
551332003004029,1
551332003004009,1
551332003004018,1
551332003004032,1
551332003004014,1
551332003004011,1
551332003004030,1
551332003004006,1
551332005001016,1
551332005001021,1
551332005001013,1
551332005001017,1
551332005001008,1
551332005001015,1
551332005001009,1
551332005001004,1
551332005001018,1
551332005001006,1
551332005001003,1
551332005001002,1
551332005001023,1
551332005001020,1
551332005001019,1
551332005001005,1
551332005001012,1
551332005001010,1
551332005001022,1
551332005001000,1
551332005001007,1
551332005001011,1
551332005001014,1
551332005001001,1
551332003003028,1
551332003003001,1
551332003003010,1
551332003003026,1
551332003003020,1
551332003003027,1
551332003003024,1
551332003003021,1
551332003003000,1
551332003003015,1
551332003003008,1
551332003003007,1
551332003003019,1
551332003003006,1
551332003003025,1
551332003003013,1
551332003003017,1
551332003003023,1
551332003003005,1
551332003003016,1
551332003003004,1
551332003003012,1
551332003003002,1
551332003003014,1
551332003003011,1
551332003003003,1
551332003003009,1
551332003003022,1
551332003003018,1
551332033044013,1
551332033044036,1
551332033043013,1
551332033043012,1
551332033044018,1
551332033044031,1
551332033043002,1
551332033044014,1
551332033044033,1
551332033044008,1
551332033044034,1
551332033041000,1
551332033042033,1
551332033044041,1
551332033044027,1
551332033043009,1
551332033044004,1
551332033044012,1
551332033043004,1
551332033043011,1
551332033044017,1
551332033044023,1
551332033044029,1
551332033044020,1
551332033043016,1
551332033044006,1
551332033044035,1
551332033044009,1
551332033044015,1
551332033044007,1
551332033043007,1
551332033044005,1
551332033043001,1
551332033043005,1
551332033043010,1
551332033043006,1
551332033044003,1
551332033044019,1
551332033044024,1
551332033044032,1
551332033044011,1
551332033044038,1
551332033042034,1
551332033044026,1
551332033044040,1
551332033044000,1
551332033042048,1
551332033044016,1
551332033044030,1
551332033044039,1
551332033044002,1
551332033044025,1
551332033043015,1
551332033044042,1
551332033044021,1
551332033043003,1
551332033044043,1
551332033044010,1
551332033044037,1
551332033042032,1
551332033043008,1
551332033044028,1
551332033044022,1
551332033043000,1
551332033044001,1
551332033043014,1
550791301002001,1
550791301002018,1
550791301002003,1
550791301002028,1
550791301002023,1
550791301002000,1
550791301002012,1
550791301002025,1
550791301002022,1
550791301002020,1
550791301002019,1
550791301002006,1
550791301002002,1
550791301002007,1
550791301002030,1
550791301002026,1
550791301002010,1
550791301002015,1
550791301002031,1
550791301002008,1
550791301002014,1
550791301002011,1
550791301002017,1
550791301002029,1
550791301002016,1
550791301002024,1
550791301002032,1
550791301002021,1
550791301002027,1
550791301002013,1
550791301002005,1
550791301002009,1
550791301002004,1
550791201013009,1
550791201012013,1
550791201013004,1
550791201013015,1
550791301001001,2
550791201013020,1
550791201012000,1
550791201013022,1
550791201012006,1
550791201012003,2
550791201013012,1
550791201013010,1
550791201012002,1
550791201012012,1
550791201013023,1
550791201013006,1
550791201013003,1
550791201012001,1
550791201013017,1
550791201013026,1
550791201013011,1
550791201013000,1
550791201013008,1
550791201013001,1
550791201012008,1
550791201012004,2
550791201012007,1
550791201013005,1
550791201012011,1
550791201013018,1
550791201012015,1
550791201013019,1
550791201013021,1
550791201012010,1
550791201013014,1
550791201013025,1
550791201013024,1
550791201013016,1
550791201012005,1
550791201013007,1
550791201013013,1
550791201012009,1
550791201013002,1
550791201012014,1
550791201011021,1
550791201011023,1
550791201011008,1
550791201011012,1
550791201011022,1
550791201011020,1
550791201011004,1
550791201011010,1
550791201011000,1
550791201011006,1
550791201011011,1
550791201011007,1
550791201011015,1
550791201011003,1
550791201011017,1
550791201011019,1
550791201011009,1
550791201011002,1
550791201011024,1
550791201011018,1
550791201011005,1
550791201011013,1
550791201011014,1
550791201011001,1
550791201011016,1
550791201022005,1
550791201022007,1
550791201022004,1
550791201022002,1
550791201022009,1
550791201022013,1
550791201022019,1
550791201022003,1
550791201022017,1
550791201022020,1
550791201022000,1
550791201022008,1
550791201022015,1
550791201022018,1
550791201022016,1
550791201022006,1
550791201022014,1
550791201022010,1
550791201022011,1
550791201022012,1
550791201022001,1
550791010002018,1
550791010002020,1
550791010002008,1
550791010002002,1
550791010002001,1
550791010002003,1
550791010002017,1
550791010002007,1
550791010002010,1
550791010002019,1
550791010002013,1
550791010002004,1
550791010002006,1
550791010002012,1
550791010002009,1
550791010002015,1
550791010002000,1
550791010002005,1
550791010002014,1
550791010002016,1
550791010002021,1
550791010002011,1
550791401002008,1
550791401002011,1
550791401002020,1
550791401002019,1
550791401002022,1
550791401002015,1
550791401002001,1
550791401002012,1
550791401002018,1
550791401002024,1
550791401002023,1
550791401002009,1
550791401002010,1
550791401002013,1
550791401002017,1
550791401002000,1
550791401002016,1
550791401002004,1
550791401002002,1
550791401002005,1
550791401002014,1
550791401002007,1
550791401002021,1
550791401002025,1
550791401002006,1
550791401002003,1
550791503012000,1
550791503012001,1
550791503012012,1
550791503012006,1
550791503012015,1
550791503043006,1
550791503011037,2
550791503012018,1
550791503012002,1
550791503012004,1
550791503012017,1
550791503012003,1
550791503012009,1
550791503012013,1
550791503012020,1
550791503012010,1
550791503012016,1
550791503031009,1
550791503012008,1
550791503012005,1
550791503011033,2
550791503012014,1
550791503012007,1
550791503012011,1
550791503012019,1
550791503043002,1
550791503043000,1
550791503044011,1
550791503044009,1
550791503044000,1
550791503044001,1
550791503044010,1
550791503043004,1
550791503043003,1
550791503044006,1
550791503043001,1
550791503044002,1
550791503041001,1
550791503044008,1
550791503043005,1
550791503044005,1
550791503044003,1
550791503044004,1
550791503044007,1
550791503043007,1
550791503042001,1
550791503042000,1
550791503042004,1
550791503042002,1
550791503042003,1
550791301003031,1
550791301003014,1
550791301003000,1
550791301003006,1
550791301003003,1
550791301003024,1
550791301003026,1
550791301003001,1
550791301003021,1
550791301003016,1
550791301003009,1
550791301003022,1
550791301003028,1
550791301003027,1
550791301003017,1
550791301003010,1
550791301003019,1
550791301003015,1
550791301003007,1
550791301003020,1
550791301003008,1
550791301003013,1
550791301003005,1
550791301003029,1
550791301003030,1
550791301003004,1
550791301003002,1
550791301003018,1
550791301003012,1
550791301003011,1
550791301003025,1
550791301003023,1
550791503014010,1
550791503014016,1
550791503014008,1
550791503014003,1
550791503014015,1
550791503014014,1
550791503014006,1
550791503014005,1
550791503014009,1
550791503014017,1
550791503014018,1
550791503014013,1
550791503014012,1
550791503014001,1
550791503014002,1
550791503014004,1
550791503014011,1
550791503014007,1
550791503014000,1
550791503011038,1
550791503011007,1
550791302002020,2
550791503011024,1
550791503011029,1
550791503011013,1
550791503011028,1
550791302003019,2
550791503011026,1
550791503011017,1
550791503011016,1
550791503011002,1
550791302002014,2
550791503011015,1
550791503011030,1
550791503011034,1
550791503011012,1
550791503011027,1
550791503011000,1
550791503011009,1
550791503011018,1
550791302003015,2
550791503011031,1
550791503011005,1
550791503011032,1
550791503011023,1
550791302002007,2
550791503011021,1
550791503011036,1
550791503011014,1
550791503011035,1
550791503011001,1
550791503011020,1
550791503011003,1
550791503011008,1
550791503011022,1
550791503011004,1
550791503011019,1
550791302002021,2
550791503011006,1
550791503011011,1
550791503011010,1
550791503011025,1
550791302002011,1
550791302002012,1
550791302002006,1
550791302002001,1
550791302002010,1
550791302002003,1
550791302002023,1
550791302002017,1
550791302002019,1
550791302002009,1
550791302002022,1
550791302002004,1
550791302002013,1
550791302002000,1
550791302002016,1
550791302002015,1
550791302002008,1
550791302002002,1
550791302002018,1
550791302002005,1
550791302003009,1
550791302003013,1
550791302003006,1
550791302003012,1
550791302003017,1
550791302003000,1
550791302003005,1
550791302003014,1
550791302003007,1
550791302003018,1
550791302003001,1
550791302003016,1
550791302003002,1
550791302003008,1
550791302003010,1
550791302003011,1
550791302003004,1
550791302003003,1
550791301001003,1
550791301001013,1
550791301001004,1
550791301001009,1
550791301001008,1
550791301001018,1
550791301001005,1
550791301001014,1
550791301001006,1
550791301001017,1
550791301001019,1
550791301001002,1
550791301001000,1
550791301001016,1
550791301001012,1
550791301001010,1
550791301001011,1
550791301001015,1
550791301001007,1
550791302001000,1
550791302001016,1
550791302001012,1
550791302001013,1
550791302001009,1
550791302001022,1
550791302001026,1
550791302001024,1
550791302001007,1
550791302001021,1
550791302001003,1
550791302001015,1
550791302001014,1
550791302001020,1
550791302001027,1
550791302001001,1
550791302001008,1
550791302001025,1
550791302001017,1
550791302001002,1
550791302001018,1
550791302001023,1
550791302001029,1
550791302001010,1
550791302001030,1
550791302001005,1
550791302001006,1
550791302001028,1
550791302001019,1
550791302001011,1
550791302001004,1
551332019001008,1
551332019001007,1
551332019001010,1
551332019001000,1
551332019001003,1
551332019001005,1
551332019001015,1
551332019001014,1
551332019001004,1
551332019001001,1
551332019001011,1
551332019001013,1
551332019001009,1
551332019001012,1
551332019001006,1
551332019001002,1
551332019001016,1
551332015043001,1
551332015043011,1
551332015043012,1
551332015043000,1
551332015043015,1
551332015043013,1
551332015043004,1
551332015043010,1
551332015043019,1
551332015043003,1
551332015043007,1
551332015043006,1
551332015043008,1
551332015043009,1
551332015043018,1
551332015043002,1
551332015043017,1
551332015043014,1
551332015043005,1
551332015043016,1
551332017034009,1
551332017034000,1
551332017034013,2
551332017034014,2
551332017034016,1
551332017034008,1
551332017034017,1
551332017034019,1
551332017034004,1
551332017034001,1
551332017034018,1
551332017034015,1
551332017034007,1
551332017034005,1
551332017034002,1
551332017034012,1
551332017034020,1
551332017034006,1
551332017034010,1
551332017034011,1
551332017034003,1
551332018001007,1
551332018001015,1
551332018001008,1
551332018001019,1
551332018001022,1
551332018001002,1
551332018001021,1
551332018001026,1
551332018001012,1
551332018001020,1
551332018001010,1
551332018001025,1
551332018001004,1
551332018001018,1
551332018001023,1
551332018001027,1
551332018001003,1
551332018001005,1
551332018001011,1
551332018001001,1
551332018001006,1
551332018001000,1
551332018001013,1
551332018001009,1
551332018001024,1
551332018001017,1
551332018001016,1
551332018001014,1
551332017033008,1
551332017033010,1
551332017033002,1
551332017033003,1
551332017033006,1
551332017033011,1
551332017033009,1
551332017033005,1
551332017033001,1
551332017033007,1
551332017033004,1
551332017033000,1
551332017033012,1
551332017031007,1
551332017031008,1
551332017031000,1
551332017031005,1
551332017031001,1
551332017031003,1
551332017031004,1
551332017031002,1
551332017031006,1
551332017031011,1
551332017031010,1
551332017031009,1
551332017032000,1
551332017032007,1
551332017032002,1
551332017032004,1
551332017032006,1
551332017032003,1
551332017032005,1
551332017032001,1
551332017043002,1
551332017043001,1
551332017043010,1
551332017043008,1
551332017043009,1
551332017043007,1
551332017043000,1
551332017043005,1
551332017043003,1
551332017043006,1
551332017043004,1
551332017011010,1
551332017011014,1
551332017011011,1
551332017011004,1
551332017011003,1
551332017011006,1
551332017011013,1
551332017011012,1
551332017011001,1
551332017011009,1
551332017011015,1
551332017011007,1
551332017011005,1
551332017011008,1
551332017011000,1
551332017011002,1
551332017012002,1
551332017012003,1
551332017012014,1
551332017012012,1
551332017012007,1
551332017012009,2
551332017012010,1
551332017012001,1
551332017012008,1
551332017012006,2
551332017012013,1
551332017012011,1
551332017012004,1
551332017012000,1
551332017012005,1
551332017014002,1
551332017014004,1
551332017014000,1
551332017014008,1
551332017014013,1
551332017014006,1
551332017014015,1
551332017014007,1
551332017014009,1
551332017014003,1
551332017014010,1
551332017014016,1
551332017014001,1
551332017014014,1
551332017014005,1
551332017014011,1
551332017014012,1
551332017013000,1
551332017013010,1
551332017013020,1
551332017013023,1
551332017013022,1
551332017013014,1
551332017013003,1
551332017013005,1
551332017013017,1
551332017013018,1
551332017013006,1
551332017013011,1
551332017013002,1
551332017013015,1
551332017013009,1
551332017013016,1
551332016004031,1
551332017013019,1
551332017013012,1
551332017013001,1
551332017013004,1
551332017013021,1
551332017013013,1
551332017013008,1
551332017013007,1
551332017042004,1
551332017042010,1
551332017042002,1
551332017042006,1
551332017042001,1
551332017042009,1
551332017042007,1
551332017042008,1
551332017042005,1
551332017042000,1
551332017042011,1
551332017042003,1
551332017041002,1
551332017041007,1
551332016004032,1
551332017041004,1
551332017041011,1
551332017041012,1
551332017041005,1
551332017041013,1
551332017041003,1
551332017041008,1
551332017041000,1
551332017041001,1
551332017041014,1
551332017041010,1
551332017041009,1
551332017041006,1
550791010003001,1
550791010003003,1
550791010003000,1
550791010003002,1
550791010001005,1
550791010001011,1
550791010001020,1
550791010001013,1
550791010001010,1
550791010001007,1
550791010001003,1
550791010001000,1
550791010001021,1
550791010001015,1
550791010001001,1
550791010001004,1
550791010001008,1
550791010001016,1
550791010001014,1
550791010001019,1
550791010001012,1
550791010001017,1
550791010001002,1
550791010001006,1
550791010001009,1
550791010001018,1
550791008001022,1
550791008001010,1
550791008001027,1
550791008001021,1
550791008001007,1
550791008001002,1
550791008001009,1
550791008001029,1
550791008001028,1
550791008001011,1
550791008001019,1
550791008001032,1
550791008001013,1
550791008001005,1
550791008001031,1
550791008001016,1
550791008001012,1
550791008001018,1
550791008001003,1
550791008001023,1
550791008001006,1
550791008001033,1
550791008001014,1
550791008001026,1
550791008001025,1
550791008001024,1
550791008001030,1
550791008001017,1
550791008001008,1
550791008001015,1
550791008001020,1
550791201023002,1
550791201023001,1
550791201023000,1
550791201023004,1
550791201023005,1
550791201023006,1
550791201023008,1
550791201023007,1
550791201023003,1
550791009002011,1
550791009002007,1
550791009002004,1
550791009002013,1
550791009002008,1
550791009002014,1
550791009002009,1
550791009002016,1
550791009002003,1
550791009002006,1
550791009002005,1
550791009002018,1
550791009002019,1
550791009002000,1
550791009002020,1
550791009002002,1
550791009002017,1
550791009002012,1
550791009002010,1
550791009002001,1
550791009002015,1
551332033051016,1
551332033051005,1
551332033051008,1
551332033051023,1
551332033051013,1
551332033051017,1
551332033051012,1
551332033051006,1
551332033051021,1
551332033051007,1
551332033051011,1
551332033051002,1
551332033051004,1
551332033051003,1
551332033051019,1
551332033051015,1
551332033051022,1
551332033051018,1
551332033051010,1
551332033051001,1
551332033051000,1
551332033051020,1
551332033051009,1
551332033051014,1
